{
  "publicKey": "DwU78tPgrswTbSFo6Sp5fzjRCxdFfMQX5A4PEwEeQ6Lj",
  "privateKey": [
    238,
    41,
    23,
    14,
    209,
    63,
    136,
    64,
    125,
    97,
    65,
    118,
    80,
    193,
    238,
    53,
    104,
    21,
    105,
    93,
    86,
    243,
    211,
    243,
    233,
    36,
    122,
    173,
    41,
    254,
    37,
    95,
    192,
    64,
    65,
    99,
    112,
    225,
    35,
    142,
    30,
    245,
    166,
    193,
    117,
    146,
    68,
    156,
    120,
    43,
    251,
    160,
    117,
    7,
    89,
    248,
    50,
    147,
    156,
    179,
    237,
    72,
    30,
    52
  ],
  "solAmount": 0.17734645807718546,
  "tokenAmount": "0599e5d3dae4",
  "percent": 17.734645807718547,
  "percentSupply": 0.6158544001763999
}