{
  "publicKey": "GPesCAHbjQASVBf2aRJjfEyk9We2a2LobQ32r1nrDfFb",
  "privateKey": [
    144,
    233,
    87,
    210,
    34,
    241,
    102,
    199,
    248,
    110,
    28,
    106,
    227,
    252,
    244,
    75,
    224,
    111,
    67,
    214,
    160,
    126,
    202,
    52,
    168,
    96,
    11,
    101,
    107,
    119,
    68,
    88,
    228,
    172,
    229,
    110,
    238,
    75,
    231,
    233,
    33,
    200,
    95,
    241,
    184,
    38,
    250,
    192,
    69,
    87,
    221,
    130,
    188,
    155,
    238,
    160,
    181,
    16,
    37,
    164,
    219,
    126,
    1,
    54
  ],
  "solAmount": 0.2282481115280592,
  "tokenAmount": "071d1f0be147",
  "percent": 22.82481115280592,
  "percentSupply": 0.7821656318279
}