{
  "publicKey": "AGHJDUVhVSbKQjha5EhkQryo5Q4LK694sTnrHzWQpj9A",
  "privateKey": [
    15,
    209,
    55,
    78,
    66,
    63,
    197,
    64,
    134,
    5,
    28,
    184,
    0,
    210,
    18,
    152,
    60,
    162,
    129,
    202,
    239,
    77,
    25,
    124,
    242,
    150,
    186,
    72,
    43,
    80,
    9,
    232,
    137,
    163,
    82,
    67,
    33,
    234,
    68,
    127,
    153,
    152,
    190,
    162,
    5,
    16,
    113,
    205,
    30,
    121,
    221,
    66,
    0,
    220,
    77,
    174,
    98,
    32,
    47,
    101,
    55,
    50,
    13,
    233
  ],
  "solAmount": 0.000026000000000000002,
  "tokenAmount": "376d9a85",
  "percent": 26,
  "percentSupply": 0.0000929929861
}