{
  "publicKey": "8vYJMBNMGL3UYbFRLkWyhJYYPGh77CyMxAwNtDDPMvq3",
  "privateKey": [
    47,
    98,
    119,
    17,
    18,
    83,
    5,
    176,
    180,
    238,
    146,
    5,
    55,
    208,
    157,
    74,
    78,
    76,
    167,
    82,
    189,
    97,
    114,
    175,
    22,
    4,
    112,
    171,
    55,
    241,
    5,
    125,
    117,
    184,
    251,
    59,
    63,
    13,
    111,
    131,
    207,
    192,
    6,
    97,
    52,
    167,
    226,
    77,
    12,
    107,
    230,
    175,
    89,
    169,
    41,
    24,
    92,
    165,
    188,
    94,
    107,
    84,
    192,
    214
  ],
  "solAmount": 0.00001,
  "tokenAmount": "04548321b1",
  "percent": 52,
  "percentSupply": 0.0018597749169000002
}