{
  "publicKey": "93EtvWSZ3uy8ARy6bMQP3Xef4Lmj959cAu46Bs24oQgJ",
  "privateKey": [
    226,
    254,
    136,
    133,
    185,
    4,
    158,
    18,
    10,
    212,
    233,
    103,
    60,
    175,
    198,
    190,
    24,
    51,
    156,
    250,
    71,
    109,
    48,
    15,
    117,
    13,
    182,
    94,
    57,
    106,
    194,
    138,
    119,
    112,
    94,
    79,
    120,
    80,
    122,
    199,
    127,
    110,
    80,
    197,
    10,
    29,
    198,
    145,
    98,
    232,
    19,
    205,
    88,
    40,
    204,
    78,
    178,
    177,
    164,
    21,
    222,
    197,
    3,
    163
  ],
  "solAmount": 0.00001,
  "tokenAmount": "15518be0",
  "percent": 10,
  "percentSupply": 0.000035766576000000005
}