{
  "publicKey": "5xyVU42tWXbZBWSemAZqsN879LFuB9kAhpSiRLYHhHfz",
  "privateKey": [
    170,
    59,
    129,
    54,
    137,
    237,
    209,
    111,
    182,
    213,
    230,
    31,
    124,
    143,
    151,
    79,
    159,
    168,
    127,
    236,
    199,
    100,
    154,
    113,
    74,
    37,
    228,
    248,
    62,
    26,
    132,
    139,
    73,
    197,
    145,
    9,
    210,
    1,
    38,
    55,
    178,
    204,
    196,
    30,
    62,
    211,
    31,
    25,
    112,
    169,
    66,
    141,
    21,
    134,
    35,
    16,
    69,
    214,
    11,
    165,
    236,
    44,
    146,
    117
  ],
  "solAmount": 0.17968889379782932,
  "tokenAmount": "05c52a8a6b9c",
  "percent": 17.968889379782933,
  "percentSupply": 0.634438041078
}