{
  "publicKey": "GZvZTwPiLWpU8S5cdySMxLRTwddr8bEzws2wFwcfkkWF",
  "privateKey": [
    252,
    211,
    14,
    80,
    76,
    115,
    34,
    171,
    54,
    66,
    186,
    116,
    144,
    9,
    192,
    151,
    14,
    209,
    140,
    170,
    15,
    249,
    22,
    140,
    78,
    126,
    117,
    36,
    165,
    105,
    166,
    148,
    231,
    78,
    115,
    49,
    18,
    10,
    46,
    220,
    30,
    106,
    192,
    158,
    55,
    48,
    108,
    136,
    139,
    189,
    229,
    112,
    175,
    113,
    168,
    80,
    127,
    172,
    47,
    163,
    60,
    107,
    66,
    36
  ],
  "solAmount": 0.000031,
  "tokenAmount": "42165764",
  "percent": 31,
  "percentSupply": 0.00011087604200000001
}