{
  "publicKey": "8dpvAMJnjptWLw73bXT9EqeEquMy3xcQVCs1LqZuZaZe",
  "privateKey": [
    15,
    200,
    67,
    198,
    207,
    125,
    175,
    35,
    137,
    239,
    132,
    150,
    180,
    70,
    149,
    244,
    234,
    116,
    173,
    227,
    226,
    138,
    147,
    94,
    43,
    72,
    18,
    219,
    154,
    227,
    148,
    232,
    113,
    112,
    229,
    165,
    59,
    127,
    112,
    253,
    15,
    110,
    14,
    45,
    74,
    85,
    192,
    79,
    209,
    195,
    121,
    252,
    237,
    159,
    193,
    168,
    235,
    108,
    25,
    75,
    191,
    154,
    252,
    201
  ],
  "solAmount": 0.07324520552191462,
  "tokenAmount": "02551beefb60",
  "percent": 7.324520552191461,
  "percentSupply": 0.2564564122464
}