{
  "publicKey": "3e8c2w7HAUD1jbmghhVduEufHkV9qheddASYhqS5DrP4",
  "privateKey": [
    9,
    98,
    169,
    227,
    228,
    111,
    15,
    30,
    54,
    152,
    217,
    23,
    12,
    230,
    194,
    248,
    8,
    48,
    102,
    170,
    39,
    130,
    246,
    117,
    249,
    87,
    233,
    1,
    243,
    188,
    165,
    59,
    39,
    58,
    118,
    48,
    245,
    62,
    132,
    35,
    73,
    71,
    186,
    12,
    82,
    220,
    160,
    141,
    70,
    63,
    13,
    71,
    71,
    41,
    66,
    78,
    136,
    10,
    242,
    192,
    54,
    51,
    48,
    163
  ],
  "solAmount": 0.10469569460405272,
  "tokenAmount": "0364d44a7aea",
  "percent": 10.469569460405271,
  "percentSupply": 0.373159326385
}