{
  "publicKey": "7q4KLtoPAcVxHKLELC3g3ArJMmhKgAhT2uUjptgktK3W",
  "privateKey": [
    158,
    201,
    148,
    157,
    155,
    217,
    240,
    45,
    97,
    179,
    237,
    230,
    69,
    46,
    199,
    35,
    55,
    174,
    9,
    176,
    64,
    168,
    93,
    76,
    217,
    38,
    74,
    17,
    62,
    205,
    254,
    230,
    101,
    117,
    192,
    6,
    124,
    197,
    203,
    142,
    189,
    26,
    28,
    167,
    192,
    84,
    225,
    119,
    47,
    253,
    49,
    37,
    39,
    176,
    127,
    164,
    77,
    88,
    56,
    116,
    208,
    36,
    12,
    97
  ],
  "solAmount": 0.000014000000000000001,
  "tokenAmount": "1dd89231",
  "percent": 14,
  "percentSupply": 0.0000500732465
}