{
  "publicKey": "4u4kWNHWDCDFtM5LaVyJtGzfMX7aKy1kowrCaEqpC2q6",
  "privateKey": [
    128,
    207,
    163,
    176,
    229,
    57,
    250,
    248,
    191,
    20,
    156,
    222,
    173,
    151,
    48,
    191,
    250,
    35,
    234,
    197,
    135,
    81,
    60,
    168,
    38,
    220,
    149,
    94,
    92,
    45,
    115,
    15,
    57,
    233,
    128,
    204,
    0,
    134,
    41,
    100,
    63,
    180,
    209,
    35,
    17,
    239,
    2,
    210,
    148,
    80,
    52,
    114,
    38,
    27,
    160,
    219,
    158,
    137,
    95,
    209,
    136,
    122,
    84,
    113
  ],
  "solAmount": 0.00001,
  "tokenAmount": "027f8b3468",
  "percent": 30,
  "percentSupply": 0.0010729763944
}