{
  "publicKey": "3fuBJVi1Ky3Y9xtFH2NmyJfEsCL5gHiBfCLPEZ3E2929",
  "privateKey": [
    47,
    158,
    147,
    93,
    11,
    3,
    49,
    107,
    148,
    85,
    192,
    146,
    106,
    154,
    145,
    39,
    5,
    31,
    180,
    178,
    63,
    185,
    11,
    200,
    147,
    51,
    172,
    28,
    37,
    14,
    176,
    75,
    39,
    174,
    113,
    39,
    217,
    17,
    122,
    65,
    221,
    247,
    13,
    24,
    173,
    193,
    102,
    65,
    210,
    114,
    201,
    141,
    243,
    20,
    230,
    138,
    56,
    74,
    242,
    104,
    120,
    111,
    169,
    26
  ],
  "solAmount": 0.000001,
  "tokenAmount": "08b463d81061",
  "percent": 27,
  "percentSupply": 0.9570862239841
}